epoch,train_objective_loss,train_hard_ce_loss,train_accuracy,val_loss,val_accuracy,learning_rate,epoch_seconds,experiment_id,label,seed,label_smoothing,notebook_version,debug
1,2.1951253353966607,2.1300697505739,0.24375555555555556,1.6376644920349122,0.3972,0.1,5.45472264289856,ext_label_smoothing_01,Label smoothing ε=0.1,42,0.1,v3-extension,False
2,1.6438659847895305,1.4764863186942208,0.46353333333333335,1.3394441226959228,0.5194,0.1,5.0543553829193115,ext_label_smoothing_01,Label smoothing ε=0.1,42,0.1,v3-extension,False
3,1.407820283296373,1.1818231039047242,0.5881111111111111,1.0593066944122314,0.6444,0.1,5.194883823394775,ext_label_smoothing_01,Label smoothing ε=0.1,42,0.1,v3-extension,False
4,1.2233922134187487,0.952674721452925,0.6808888888888889,0.9136537103652954,0.6942,0.1,5.126125335693359,ext_label_smoothing_01,Label smoothing ε=0.1,42,0.1,v3-extension,False
5,1.0779850271860758,0.7726081853018867,0.7515111111111111,0.8454492885112762,0.7182,0.1,5.180744647979736,ext_label_smoothing_01,Label smoothing ε=0.1,42,0.1,v3-extension,False
6,0.9589761501100328,0.6250891185230679,0.8084444444444444,0.7406462423324585,0.7552,0.1,5.483561038970947,ext_label_smoothing_01,Label smoothing ε=0.1,42,0.1,v3-extension,False
7,0.8532645476871067,0.49204471940994265,0.8563555555555555,0.6918318807125091,0.7714,0.1,5.246138572692871,ext_label_smoothing_01,Label smoothing ε=0.1,42,0.1,v3-extension,False
8,0.7488217394510905,0.3621497300465902,0.9091111111111111,0.6982635241985321,0.7774,0.1,5.213357925415039,ext_label_smoothing_01,Label smoothing ε=0.1,42,0.1,v3-extension,False
9,0.6541517008675469,0.24554382120768228,0.9559777777777778,0.696775371837616,0.7834,0.1,5.144452810287476,ext_label_smoothing_01,Label smoothing ε=0.1,42,0.1,v3-extension,False
10,0.585311444483863,0.16777725004090202,0.9864444444444445,0.674847043800354,0.794,0.1,5.117100954055786,ext_label_smoothing_01,Label smoothing ε=0.1,42,0.1,v3-extension,False
11,0.5484278683980306,0.13100067095888984,0.9962666666666666,0.6524277572154998,0.8016,0.1,5.12226128578186,ext_label_smoothing_01,Label smoothing ε=0.1,42,0.1,v3-extension,False
12,0.5275199712647332,0.11282585705121358,0.9989777777777777,0.6087903326034546,0.8204,0.1,5.134280443191528,ext_label_smoothing_01,Label smoothing ε=0.1,42,0.1,v3-extension,False
13,0.5185438116709391,0.1060707338253657,0.9995555555555555,0.6032006805419922,0.8234,0.1,5.303997755050659,ext_label_smoothing_01,Label smoothing ε=0.1,42,0.1,v3-extension,False
14,0.5137280044131809,0.10269821208318075,0.9997111111111111,0.6116540675401687,0.8212,0.1,5.3132147789001465,ext_label_smoothing_01,Label smoothing ε=0.1,42,0.1,v3-extension,False
15,0.5113955417950948,0.10119030235873329,0.9998,0.6106120949268341,0.8246,0.1,5.148026466369629,ext_label_smoothing_01,Label smoothing ε=0.1,42,0.1,v3-extension,False
16,0.5095323399013943,0.09988959983587264,0.9998888888888889,0.6062198915004731,0.8244,0.1,5.212203025817871,ext_label_smoothing_01,Label smoothing ε=0.1,42,0.1,v3-extension,False
17,0.5084585344208611,0.09942178865803612,0.9998222222222222,0.6028041728258133,0.8248,0.1,5.160553216934204,ext_label_smoothing_01,Label smoothing ε=0.1,42,0.1,v3-extension,False
18,0.507724901538425,0.09892386765215132,0.9997777777777778,0.6293357209444046,0.8166,0.1,5.1541008949279785,ext_label_smoothing_01,Label smoothing ε=0.1,42,0.1,v3-extension,False
19,0.5068553893725077,0.09810349288251664,0.9999555555555556,0.6149331424713135,0.8252,0.1,5.19654107093811,ext_label_smoothing_01,Label smoothing ε=0.1,42,0.1,v3-extension,False
20,0.5059033132765028,0.09772929224173228,0.9999777777777777,0.6093097292900086,0.8274,0.1,5.2939207553863525,ext_label_smoothing_01,Label smoothing ε=0.1,42,0.1,v3-extension,False
1,2.010274422370063,1.903575098016527,0.3289111111111111,1.4977207521438598,0.4586,0.1,5.15551495552063,ext_label_smoothing_01,Label smoothing ε=0.1,2026,0.1,v3-extension,False
2,1.5448889025582209,1.3529086610794068,0.5169777777777778,1.288479460144043,0.5468,0.1,5.168545722961426,ext_label_smoothing_01,Label smoothing ε=0.1,2026,0.1,v3-extension,False
3,1.3205707311418322,1.0728421520339118,0.6319777777777777,0.9879490556716919,0.663,0.1,5.232679605484009,ext_label_smoothing_01,Label smoothing ε=0.1,2026,0.1,v3-extension,False
4,1.1442383175320094,0.8532607076221043,0.7184222222222222,0.885467009305954,0.705,0.1,5.271397113800049,ext_label_smoothing_01,Label smoothing ε=0.1,2026,0.1,v3-extension,False
5,1.0075688049104479,0.6820125435193379,0.7859777777777778,0.8486955160140991,0.7214,0.1,5.244418382644653,ext_label_smoothing_01,Label smoothing ε=0.1,2026,0.1,v3-extension,False
6,0.8875742453681098,0.5328487891938951,0.8430666666666666,0.7776079740524292,0.7448,0.1,5.197282791137695,ext_label_smoothing_01,Label smoothing ε=0.1,2026,0.1,v3-extension,False
7,0.7780550292332967,0.3970499657471975,0.8956222222222222,0.7051155151367188,0.7748,0.1,5.131089448928833,ext_label_smoothing_01,Label smoothing ε=0.1,2026,0.1,v3-extension,False
8,0.6806467961629232,0.2771062925179799,0.944,0.6957224758148194,0.7806,0.1,5.192008972167969,ext_label_smoothing_01,Label smoothing ε=0.1,2026,0.1,v3-extension,False
9,0.6045807139926487,0.18826822124852075,0.9784,0.7064245181560517,0.78,0.1,5.105452299118042,ext_label_smoothing_01,Label smoothing ε=0.1,2026,0.1,v3-extension,False
10,0.5582218052334256,0.14151963331037098,0.9934222222222222,0.6494620043516159,0.8114,0.1,5.303768634796143,ext_label_smoothing_01,Label smoothing ε=0.1,2026,0.1,v3-extension,False
11,0.5339613437334696,0.11944973377386729,0.9970666666666667,0.6294312504529953,0.8124,0.1,5.290196180343628,ext_label_smoothing_01,Label smoothing ε=0.1,2026,0.1,v3-extension,False
12,0.5234126890500387,0.1105421458085378,0.9983555555555556,0.6238569915294647,0.8238,0.1,5.0360448360443115,ext_label_smoothing_01,Label smoothing ε=0.1,2026,0.1,v3-extension,False
13,0.5185277080959744,0.10737207965453466,0.9984888888888889,0.6196005073070526,0.8174,0.1,5.090208053588867,ext_label_smoothing_01,Label smoothing ε=0.1,2026,0.1,v3-extension,False
14,0.5140277516259087,0.10335593125687705,0.9992666666666666,0.6240509422898293,0.8184,0.1,5.1219189167022705,ext_label_smoothing_01,Label smoothing ε=0.1,2026,0.1,v3-extension,False
15,0.512073115295834,0.10226988459825516,0.9993777777777778,0.6289189768791199,0.8218,0.1,5.114992380142212,ext_label_smoothing_01,Label smoothing ε=0.1,2026,0.1,v3-extension,False
16,0.5107253944185045,0.10118015263213051,0.9994,0.6201890852928161,0.8244,0.1,5.0942161083221436,ext_label_smoothing_01,Label smoothing ε=0.1,2026,0.1,v3-extension,False
17,0.5096155230416192,0.10065236907137765,0.9993555555555556,0.627739229798317,0.8204,0.1,5.170124053955078,ext_label_smoothing_01,Label smoothing ε=0.1,2026,0.1,v3-extension,False
18,0.5080402574857076,0.09920031404627694,0.9997111111111111,0.6211508187055588,0.8238,0.1,5.295283079147339,ext_label_smoothing_01,Label smoothing ε=0.1,2026,0.1,v3-extension,False
19,0.507362186325921,0.09886193103657828,0.9996666666666667,0.6302602838993072,0.8228,0.1,5.143991470336914,ext_label_smoothing_01,Label smoothing ε=0.1,2026,0.1,v3-extension,False
20,0.5066354114108615,0.0984761577765147,0.9997777777777778,0.6231095364570618,0.8226,0.1,5.189947128295898,ext_label_smoothing_01,Label smoothing ε=0.1,2026,0.1,v3-extension,False
1,2.1902608760409885,2.1902608760409885,0.2412,1.675061354637146,0.3888,0.1,5.044110298156738,ext_control_v3,Control v3 (label smoothing=0),42,0.0,v3-extension,False
2,1.516188406308492,1.516188406308492,0.44093333333333334,1.4793839365005492,0.4678,0.1,4.979017972946167,ext_control_v3,Control v3 (label smoothing=0),42,0.0,v3-extension,False
3,1.207501214981079,1.207501214981079,0.5645111111111111,1.175669451713562,0.5848,0.1,5.118411302566528,ext_control_v3,Control v3 (label smoothing=0),42,0.0,v3-extension,False
4,0.9511865120463902,0.9511865120463902,0.6622,0.9381692668914795,0.67,0.1,4.993908882141113,ext_control_v3,Control v3 (label smoothing=0),42,0.0,v3-extension,False
5,0.7629684545622931,0.7629684545622931,0.7308444444444444,0.8406567467689514,0.7128,0.1,4.9979729652404785,ext_control_v3,Control v3 (label smoothing=0),42,0.0,v3-extension,False
6,0.604150059943729,0.604150059943729,0.7879111111111111,0.8221015866518021,0.7218,0.1,5.077596664428711,ext_control_v3,Control v3 (label smoothing=0),42,0.0,v3-extension,False
7,0.47678013749652437,0.47678013749652437,0.8317111111111111,0.678388568162918,0.771,0.1,5.041520833969116,ext_control_v3,Control v3 (label smoothing=0),42,0.0,v3-extension,False
8,0.3482756036599477,0.3482756036599477,0.8774,0.7401425274133683,0.77,0.1,5.005845069885254,ext_control_v3,Control v3 (label smoothing=0),42,0.0,v3-extension,False
9,0.23895858907169765,0.23895858907169765,0.9137333333333333,0.8226081911951304,0.7622,0.1,4.9841203689575195,ext_control_v3,Control v3 (label smoothing=0),42,0.0,v3-extension,False
10,0.1690175848537021,0.1690175848537021,0.9407111111111112,0.8516771787643432,0.7792,0.1,5.00130295753479,ext_control_v3,Control v3 (label smoothing=0),42,0.0,v3-extension,False
11,0.11588374263445536,0.11588374263445536,0.9592222222222222,0.8777894280433655,0.778,0.1,4.992323160171509,ext_control_v3,Control v3 (label smoothing=0),42,0.0,v3-extension,False
12,0.09091150728066762,0.09091150728066762,0.9678222222222223,1.0081607134914026,0.7764,0.1,5.0256712436676025,ext_control_v3,Control v3 (label smoothing=0),42,0.0,v3-extension,False
13,0.06428312495681975,0.06428312495681975,0.9787111111111111,1.0008134267807007,0.7922,0.1,5.0112385749816895,ext_control_v3,Control v3 (label smoothing=0),42,0.0,v3-extension,False
14,0.04306896571318308,0.04306896571318308,0.9852,1.0738356607388706,0.7808,0.1,5.011642217636108,ext_control_v3,Control v3 (label smoothing=0),42,0.0,v3-extension,False
15,0.03565033935374684,0.03565033935374684,0.9877777777777778,1.0291161056816578,0.789,0.1,5.118914842605591,ext_control_v3,Control v3 (label smoothing=0),42,0.0,v3-extension,False
16,0.033924339779052466,0.033924339779052466,0.9888888888888889,1.015689574432373,0.799,0.1,5.003572225570679,ext_control_v3,Control v3 (label smoothing=0),42,0.0,v3-extension,False
17,0.022636559261712763,0.022636559261712763,0.9926666666666667,1.1052446459531784,0.801,0.1,5.041118383407593,ext_control_v3,Control v3 (label smoothing=0),42,0.0,v3-extension,False
18,0.016596238736642732,0.016596238736642732,0.9944444444444445,1.0491171464256943,0.8118,0.1,5.070188999176025,ext_control_v3,Control v3 (label smoothing=0),42,0.0,v3-extension,False
19,0.0183566316180759,0.0183566316180759,0.9940666666666667,1.1145782199777663,0.8036,0.1,5.022665739059448,ext_control_v3,Control v3 (label smoothing=0),42,0.0,v3-extension,False
20,0.01722302776061826,0.01722302776061826,0.9940666666666667,1.0602312513381242,0.8116,0.1,5.013565301895142,ext_control_v3,Control v3 (label smoothing=0),42,0.0,v3-extension,False
1,1.840422556453281,1.840422556453281,0.34944444444444445,1.4864651840209961,0.4538,0.1,5.06048059463501,ext_control_v3,Control v3 (label smoothing=0),2026,0.0,v3-extension,False
2,1.309521791987949,1.309521791987949,0.5223111111111111,1.2573648754119873,0.5502,0.1,4.994901895523071,ext_control_v3,Control v3 (label smoothing=0),2026,0.0,v3-extension,False
3,1.03969156665802,1.03969156665802,0.6298888888888889,0.9560662467002868,0.6658,0.1,5.05360746383667,ext_control_v3,Control v3 (label smoothing=0),2026,0.0,v3-extension,False
4,0.8270237758424547,0.8270237758424547,0.7081333333333333,0.9218976578474045,0.6788,0.1,5.030759811401367,ext_control_v3,Control v3 (label smoothing=0),2026,0.0,v3-extension,False
5,0.662682941309611,0.662682941309611,0.7671555555555556,0.8060237951993943,0.7198,0.1,5.039025068283081,ext_control_v3,Control v3 (label smoothing=0),2026,0.0,v3-extension,False
6,0.5194645355648465,0.5194645355648465,0.817,0.824491912651062,0.7286,0.1,5.03728723526001,ext_control_v3,Control v3 (label smoothing=0),2026,0.0,v3-extension,False
7,0.3966310110727946,0.3966310110727946,0.8590666666666666,0.7286230619192123,0.7514,0.1,5.042220115661621,ext_control_v3,Control v3 (label smoothing=0),2026,0.0,v3-extension,False
8,0.29183444922765095,0.29183444922765095,0.8948666666666667,0.8013916952610016,0.7392,0.1,5.005764007568359,ext_control_v3,Control v3 (label smoothing=0),2026,0.0,v3-extension,False
9,0.20362708730697632,0.20362708730697632,0.9282,0.8537276120662689,0.7528,0.1,5.044200897216797,ext_control_v3,Control v3 (label smoothing=0),2026,0.0,v3-extension,False
10,0.14391731810569763,0.14391731810569763,0.9490888888888889,0.9155213645458221,0.7684,0.1,5.229403495788574,ext_control_v3,Control v3 (label smoothing=0),2026,0.0,v3-extension,False
11,0.1046557383855184,0.1046557383855184,0.9635111111111111,0.9301593950271606,0.7716,0.1,5.04275107383728,ext_control_v3,Control v3 (label smoothing=0),2026,0.0,v3-extension,False
12,0.08900347831050555,0.08900347831050555,0.9684444444444444,1.014337439918518,0.7678,0.1,5.261117696762085,ext_control_v3,Control v3 (label smoothing=0),2026,0.0,v3-extension,False
13,0.05404591368834177,0.05404591368834177,0.9804222222222222,1.0223220752239228,0.7892,0.1,5.0346455574035645,ext_control_v3,Control v3 (label smoothing=0),2026,0.0,v3-extension,False
14,0.049540315814812975,0.049540315814812975,0.9824222222222222,1.1239361088633537,0.774,0.1,5.039141416549683,ext_control_v3,Control v3 (label smoothing=0),2026,0.0,v3-extension,False
15,0.04292225489616394,0.04292225489616394,0.9852222222222222,1.1311337705135345,0.784,0.1,5.024158477783203,ext_control_v3,Control v3 (label smoothing=0),2026,0.0,v3-extension,False
16,0.03572564100159539,0.03572564100159539,0.9874,1.1273197293698787,0.784,0.1,5.024407625198364,ext_control_v3,Control v3 (label smoothing=0),2026,0.0,v3-extension,False
17,0.027657640148533714,0.027657640148533714,0.9903333333333333,1.2037945346355439,0.7866,0.1,5.026235342025757,ext_control_v3,Control v3 (label smoothing=0),2026,0.0,v3-extension,False
18,0.017888999955190554,0.017888999955190554,0.9937777777777778,1.1126816832065582,0.798,0.1,5.024363994598389,ext_control_v3,Control v3 (label smoothing=0),2026,0.0,v3-extension,False
19,0.010786218001403742,0.010786218001403742,0.9964888888888889,1.1223356570541858,0.7946,0.1,5.028496026992798,ext_control_v3,Control v3 (label smoothing=0),2026,0.0,v3-extension,False
20,0.008272047781157825,0.008272047781157825,0.9972888888888889,1.1711996153339743,0.7976,0.1,5.025867223739624,ext_control_v3,Control v3 (label smoothing=0),2026,0.0,v3-extension,False
